{"indexes":[{"v":{"$numberInt":"2"},"key":{"_id":{"$numberInt":"1"}},"name":"_id_","ns":"jx-tram-prod.account"},{"v":{"$numberInt":"2"},"key":{"idCompany":{"$numberInt":"1"}},"name":"idCompany_1","ns":"jx-tram-prod.account","background":true},{"v":{"$numberInt":"2"},"key":{"idDepartment":{"$numberInt":"1"}},"name":"idDepartment_1","ns":"jx-tram-prod.account","background":true},{"v":{"$numberInt":"2"},"key":{"idJob":{"$numberInt":"1"}},"name":"idJob_1","ns":"jx-tram-prod.account","background":true}],"uuid":"c172ed39cb094b0a94239d911fff9c7d","collectionName":"account"}