{"indexes":[{"v":{"$numberInt":"2"},"key":{"_id":{"$numberInt":"1"}},"name":"_id_","ns":"jx-tram-prod.casbin_rule"},{"v":{"$numberInt":"2"},"key":{"p_type":{"$numberInt":"1"}},"name":"p_type_1","ns":"jx-tram-prod.casbin_rule","background":true},{"v":{"$numberInt":"2"},"key":{"v0":{"$numberInt":"1"}},"name":"v0_1","ns":"jx-tram-prod.casbin_rule","background":true},{"v":{"$numberInt":"2"},"key":{"v1":{"$numberInt":"1"}},"name":"v1_1","ns":"jx-tram-prod.casbin_rule","background":true},{"v":{"$numberInt":"2"},"key":{"v2":{"$numberInt":"1"}},"name":"v2_1","ns":"jx-tram-prod.casbin_rule","background":true},{"v":{"$numberInt":"2"},"key":{"v3":{"$numberInt":"1"}},"name":"v3_1","ns":"jx-tram-prod.casbin_rule","background":true},{"v":{"$numberInt":"2"},"key":{"v4":{"$numberInt":"1"}},"name":"v4_1","ns":"jx-tram-prod.casbin_rule","background":true},{"v":{"$numberInt":"2"},"key":{"v5":{"$numberInt":"1"}},"name":"v5_1","ns":"jx-tram-prod.casbin_rule","background":true}],"uuid":"cb8704545a03422a89173fcb837e2647","collectionName":"casbin_rule"}