{"indexes":[{"v":{"$numberInt":"2"},"key":{"_id":{"$numberInt":"1"}},"name":"_id_","ns":"jx-tram-prod.engineering_change_table"},{"v":{"$numberInt":"2"},"key":{"idEngineering":{"$numberInt":"1"}},"name":"idEngineering_1","ns":"jx-tram-prod.engineering_change_table","background":true},{"v":{"$numberInt":"2"},"key":{"idContract":{"$numberInt":"1"}},"name":"idContract_1","ns":"jx-tram-prod.engineering_change_table","background":true}],"uuid":"897784862b504b7ba10841e2e6bd485d","collectionName":"engineering_change_table"}