{"indexes":[{"v":{"$numberInt":"2"},"key":{"_id":{"$numberInt":"1"}},"name":"_id_","ns":"jx-tram-prod.job"},{"v":{"$numberInt":"2"},"key":{"path":{"$numberInt":"1"}},"name":"path_1","ns":"jx-tram-prod.job","background":true},{"v":{"$numberInt":"2"},"key":{"idCompany":{"$numberInt":"1"}},"name":"idCompany_1","ns":"jx-tram-prod.job","background":true},{"v":{"$numberInt":"2"},"key":{"idDepartment":{"$numberInt":"1"}},"name":"idDepartment_1","ns":"jx-tram-prod.job","background":true}],"uuid":"6cfba725d3ba45e08a243a094f0063fa","collectionName":"job"}