{"indexes":[{"v":{"$numberInt":"2"},"key":{"_id":{"$numberInt":"1"}},"name":"_id_","ns":"jx-tram-prod.notification"},{"v":{"$numberInt":"2"},"key":{"idAction":{"$numberInt":"1"}},"name":"idAction_1","ns":"jx-tram-prod.notification","background":true},{"v":{"$numberInt":"2"},"key":{"idCreatedBy":{"$numberInt":"1"}},"name":"idCreatedBy_1","ns":"jx-tram-prod.notification","background":true},{"v":{"$numberInt":"2"},"key":{"idTo":{"$numberInt":"1"}},"name":"idTo_1","ns":"jx-tram-prod.notification","background":true}],"uuid":"9145ea2522ba4065a4a1549ccc1e70ef","collectionName":"notification"}