{"indexes":[{"v":{"$numberInt":"2"},"key":{"_id":{"$numberInt":"1"}},"name":"_id_","ns":"jx-tram-prod.quality_inspect_task"},{"v":{"$numberInt":"2"},"key":{"idReport":{"$numberInt":"1"}},"name":"idReport_1","ns":"jx-tram-prod.quality_inspect_task","background":true},{"v":{"$numberInt":"2"},"key":{"idsCC":{"$numberInt":"1"}},"name":"idsCC_1","ns":"jx-tram-prod.quality_inspect_task","background":true},{"v":{"$numberInt":"2"},"key":{"idExecutive":{"$numberInt":"1"}},"name":"idExecutive_1","ns":"jx-tram-prod.quality_inspect_task","background":true}],"uuid":"87094ac14ee34f2eac44df8bd93a0451","collectionName":"quality_inspect_task"}