{"indexes":[{"v":{"$numberInt":"2"},"key":{"_id":{"$numberInt":"1"}},"name":"_id_","ns":"jx-tram-prod.quality_inspect_rectification"},{"v":{"$numberInt":"2"},"key":{"idsCC":{"$numberInt":"1"}},"name":"idsCC_1","ns":"jx-tram-prod.quality_inspect_rectification","background":true},{"v":{"$numberInt":"2"},"key":{"idExecutive":{"$numberInt":"1"}},"name":"idExecutive_1","ns":"jx-tram-prod.quality_inspect_rectification","background":true},{"v":{"$numberInt":"2"},"key":{"idReport":{"$numberInt":"1"}},"name":"idReport_1","ns":"jx-tram-prod.quality_inspect_rectification","background":true}],"uuid":"e65b9b8119114b2a9c4e14ef66af6f2b","collectionName":"quality_inspect_rectification"}